name,slug,description,icon,category_slug,price,price_type,price_min,price_max,duration,delivery_days,max_clients,is_featured,popularity,order,benefits,faq,prerequisites,deliverables,seo_title,seo_description,is_active
"Apiary Site Selection & Feasibility",apiary-site-selection,"Professional site assessment for apiary establishment including bee forage availability, water sources, wind protection, accessibility, and environmental conditions evaluation.",:search:,apiary-establishment,,quote,,,,0,7,10,TRUE,90,1,"[""Optimal site selection reducing colony losses by 40%"",""Professional feasibility assessment"",""Higher honey yields through strategic placement""]","[{""question"":""What makes a good apiary site?"",""answer"":""Adequate bee forage within 3km radius, clean water source nearby, natural wind protection, good accessibility, and away from pesticide use areas.""}]","[""Land availability"",""Basic farm access""]","[""Site assessment report"",""Apiary layout plan"",""Forage availability map"",""Risk assessment document""]","Apiary Site Selection & Feasibility | FeeVert Tanzania","Professional apiary site selection and feasibility assessment for commercial beekeeping in Tanzania.",TRUE
"Beehive Design & Installation",beehive-design,"Design and installation of modern beehives including Langstroth and Top-bar hives. Complete apiary layout planning with optimal hive placement for maximum productivity.",:home:,apiary-establishment,,quote,,,,0,14,15,TRUE,88,2,"[""Professional hive installation"",""Modern beehive technology"",""Optimal colony placement""]","[{""question"":""Which hive type is best for commercial production?"",""answer"":""Langstroth hives are recommended for commercial production due to higher yields, easier management, and scalability.""}]","[""Site assessment completed"",""Land preparation""]","[""Installed beehives"",""Apiary layout map"",""Management schedule"",""Equipment inventory""]","Beehive Design & Installation | FeeVert Tanzania","Professional beehive design and installation services in Tanzania.",TRUE
"Colony Management & Routine Inspection",colony-management,"Routine hive inspection services including colony health assessment, pest and disease monitoring, swarm control, and seasonal management planning.",:clipboard:,apiary-establishment,,quote,,,,120,7,20,FALSE,82,3,"[""Early detection of diseases and pests"",""Optimal colony strength"",""Reduced colony losses""]","[{""question"":""How often should hives be inspected?"",""answer"":""Every 7-14 days during active season, monthly during low season.""}]","[""Established apiary"",""Protective gear""]","[""Inspection report"",""Colony health assessment"",""Management recommendations""]","Colony Management Services | FeeVert Tanzania","Professional bee colony management and routine hive inspection services in Tanzania.",TRUE
"Pest & Disease Control",pest-disease-control,"Integrated pest management for apiaries including varroa mite treatment, hive beetle control, and disease prevention protocols.",:shield:,apiary-establishment,,quote,,,,0,7,15,FALSE,78,4,"[""Reduced colony losses from pests"",""Healthier bee populations"",""Improved honey quality""]","[{""question"":""How do you control varroa mites?"",""answer"":""We use integrated methods including organic acids, essential oils, and cultural practices.""}]","[""Active apiary"",""Observation of pest issues""]","[""Pest assessment report"",""Treatment plan"",""Prevention protocol"",""Follow-up monitoring""]","Bee Pest & Disease Control | FeeVert Tanzania","Professional bee pest and disease control services.",TRUE
"Beehive Supply (Langstroth & Top-Bar)",beehive-supply,"Supply of high-quality Langstroth and Top-bar beehives manufactured to international standards.",:home:,beekeeping-equipment,,range,150000,500000,0,14,50,TRUE,85,1,"[""High-quality certified beehives"",""6-month warranty"",""Nationwide delivery""]","[{""question"":""What's included with each hive?"",""answer"":""Each hive includes frames, foundation sheets, and assembly instructions.""}]","[""Confirmed order"",""Deposit payment""]","[""Assembled beehives"",""Assembly manual"",""Warranty card""]","Beehive Supply Tanzania | FeeVert","Quality Langstroth and Top-bar beehives for sale in Tanzania.",TRUE
"Protective Gear & Beekeeping Tools",protective-gear,"Supply of complete beekeeping protective equipment including bee suits, gloves, smokers, hive tools, and accessories.",:shield:,beekeeping-equipment,,range,50000,500000,0,7,50,FALSE,80,2,"[""Certified safety equipment"",""Bulk discounts available"",""After-sales support""]","[{""question"":""What sizes are available?"",""answer"":""Bee suits come in S, M, L, XL sizes with adjustable fittings.""}]","[""Size specifications"",""Order confirmation""]","[""Protective equipment"",""Usage guide"",""Care instructions""]","Beekeeping Protective Gear Tanzania | FeeVert","Quality beekeeping protective gear and tools.",TRUE
"Bee Colonies & Queen Bees Supply",bee-colonies,"Supply of healthy nucleus colonies and mated queen bees for stocking new hives or replacing old queens.",🐝,beekeeping-equipment,,range,200000,1000000,0,14,30,TRUE,88,3,"[""Disease-free colonies"",""Locally adapted genetics"",""High productivity queens""]","[{""question"":""How many frames per nucleus colony?"",""answer"":""Standard 5-frame nucleus colonies with laying queen, brood, and food stores.""}]","[""Ready beehives"",""Suitable apiary site""]","[""Nucleus colonies"",""Queen health certificate"",""Acclimatization guide""]","Bee Colonies & Queen Bees Supply | FeeVert Tanzania","Quality bee colonies and mated queen bees for sale in Tanzania.",TRUE
"Honey Harvesting Equipment",honey-equipment,"Supply of professional honey harvesting and processing equipment including extractors, uncapping trays, settling tanks, filters, and packaging materials.",:tools:,beekeeping-equipment,,range,300000,5000000,0,14,30,FALSE,76,4,"[""Professional grade equipment"",""Installation support"",""Training included""]","[{""question"":""What size extractor do I need?"",""answer"":""Depends on number of hives. We recommend 4-frame extractors for up to 50 hives.""}]","[""Number of hives"",""Processing space dimensions""]","[""Harvesting equipment"",""Installation guide"",""Training session""]","Honey Harvesting Equipment Tanzania | FeeVert","Professional honey harvesting and processing equipment supply in Tanzania.",TRUE
"Honey Harvesting & Extraction",honey-harvesting,"Professional honey harvesting services using modern centrifugal extractors. Includes proper timing, bee handling techniques, and post-harvest hive management.",:honey:,honey-processing,,quote,,,,120,7,20,TRUE,88,1,"[""Maximum honey yield"",""Professional extraction"",""Minimal colony disruption""]","[{""question"":""When is the best time to harvest?"",""answer"":""Harvest during peak nectar flow, typically 2-3 times per year in Tanzania depending on location.""}]","[""Mature bee colonies"",""Harvesting equipment or rental""]","[""Harvested honey"",""Yield report"",""Post-harvest management plan""]","Honey Harvesting & Extraction | FeeVert Tanzania","Professional honey harvesting and extraction services in Tanzania.",TRUE
"Honey Processing & Filtration",honey-processing-filtration,"Complete honey processing setup including multi-stage filtration, moisture content control, settling, and quality testing. Meet TBS standards for local and export markets.",:tools:,honey-processing,,quote,,,,0,14,10,TRUE,85,2,"[""TBS-compliant processing"",""Extended shelf life"",""Export-ready quality""]","[{""question"":""What TBS standards apply?"",""answer"":""TBS 851:2018 for honey specification and TBS 1647:2019 for honey processing requirements.""}]","[""Raw harvested honey"",""Processing space""]","[""Processing setup"",""Quality control manual"",""TBS compliance guide""]","Honey Processing & Filtration | FeeVert Tanzania","Professional honey processing and filtration services.",TRUE
"Honey Packaging & Labeling",honey-packaging,"Professional honey packaging solutions including jar filling, labeling design, batch coding, tamper-proof sealing, and food safety compliance for retail and export markets.",:clipboard:,honey-processing,,quote,,,,0,14,15,FALSE,78,3,"[""Professional packaging"",""Regulatory compliance"",""Market-ready products""]","[{""question"":""What packaging sizes do you offer?"",""answer"":""50g sachets to 1kg jars, plus bulk packaging options.""}]","[""Processed honey"",""Target market requirements""]","[""Packaging design"",""Label compliance check"",""Sealing setup""]","Honey Packaging & Labeling | FeeVert Tanzania","Professional honey packaging and labeling services for retail and export markets.",TRUE
"Value-Added Bee Products Development",value-added-products,"Production of value-added products: beeswax (candles, cosmetics), propolis (tinctures, health products), royal jelly (supplements), and bee venom (therapeutic products).",💎,honey-processing,,quote,,,,0,30,10,FALSE,75,4,"[""Diversify income streams"",""Higher profit margins"",""Full hive utilization""]","[{""question"":""Which product is most profitable?"",""answer"":""Royal jelly and bee venom have highest value; beeswax has broadest market.""}]","[""Functioning apiary"",""Processing equipment investment""]","[""Product development plan"",""Processing protocols"",""Market linkages report""]","Value-Added Bee Products | FeeVert Tanzania","Develop value-added bee products: beeswax, propolis, royal jelly, and bee venom.",TRUE
"Beginner Beekeeping Training",beginner-training,"Comprehensive introductory training for new beekeepers covering bee biology, hive types, equipment use, apiary setup, and basic colony management.",:books:,beekeeping-training,,range,200000,800000,480,7,30,TRUE,86,1,"[""Certificate of completion"",""Training materials"",""Practical demonstrations""]","[{""question"":""How long is the beginner course?"",""answer"":""1-5 days depending on the depth of training required.""}]","[""Interest in beekeeping""]","[""Training manual"",""Certificate"",""Practical skills assessment""]","Beginner Beekeeping Training | FeeVert Tanzania","Beginner beekeeping training courses in Tanzania.",TRUE
"Advanced Beekeeping Techniques",advanced-training,"Advanced training for experienced beekeepers covering queen rearing, colony splitting, honey production optimization, and pest management strategies.",:graduate:,beekeeping-training,,range,300000,1500000,480,7,20,FALSE,80,2,"[""Advanced techniques"",""Queen rearing skills"",""Production optimization""]","[{""question"":""Do I need prior experience?"",""answer"":""Yes, at least 1 year of beekeeping experience is recommended.""}]","[""Basic beekeeping knowledge"",""Active apiary""]","[""Advanced training manual"",""Certificate"",""Queen rearing kit""]","Advanced Beekeeping Training | FeeVert Tanzania","Advanced beekeeping training: queen rearing, colony splitting, and production optimization.",TRUE
"Farmer Field Schools & Demonstration Apiaries",farmer-field-schools,"Establishment of farmer field schools and demonstration apiaries for hands-on learning, peer-to-peer training, and community capacity building in beekeeping.",:sunflower:,beekeeping-training,,quote,,,,0,30,5,FALSE,74,3,"[""Community capacity building"",""Sustainable training model"",""Peer learning""]","[{""question"":""How many farmers per field school?"",""answer"":""Typically 20-30 farmers per field school for effective learning.""}]","[""Community interest"",""Demonstration site""]","[""Field school setup"",""Training curriculum"",""Demonstration apiary""]","Farmer Field Schools Beekeeping | FeeVert Tanzania","Establish beekeeping farmer field schools and demonstration apiaries in Tanzania.",TRUE
"Crop Pollination Contracts",pollination-contracts,"Provision of managed bee colonies for crop pollination under contract. Services include hive placement, colony strength monitoring, and pollination efficiency assessment.",:sunflower:,pollination-services,,quote,,,,0,14,15,TRUE,82,1,"[""Increase crop yields by 30-80%"",""Improved fruit quality"",""Sustainable pollination""]","[{""question"":""Which crops benefit most?"",""answer"":""Sunflowers, avocados, watermelons, cucumbers, mangoes, coffee, and many others.""}]","[""Flowering crop farm"",""Pesticide management agreement""]","[""Pollination contract"",""Colony placement"",""Monitoring reports""]","Crop Pollination Services | FeeVert Tanzania","Managed bee pollination services for crop farmers.",TRUE
"Pollination Monitoring & Evaluation",pollination-monitoring,"Scientific monitoring of pollination efficiency including bee activity tracking, fruit set assessment, and yield impact analysis for data-driven recommendations.",:chart:,pollination-services,,quote,,,,0,30,10,FALSE,72,2,"[""Data-driven insights"",""Optimize pollination strategy"",""ROI assessment""]","[{""question"":""How do you measure pollination success?"",""answer"":""Through bee activity counts, fruit set rates, and comparative yield analysis.""}]","[""Active pollination contract"",""Farm access""]","[""Monitoring report"",""Efficiency analysis"",""Recommendations""]","Pollination Monitoring Services | FeeVert Tanzania","Scientific pollination monitoring and evaluation services for crops in Tanzania.",TRUE
"Beekeeping Feasibility Studies",feasibility-studies,"Comprehensive feasibility studies for commercial beekeeping projects including market analysis, financial projections, site assessment, and investment recommendations.",:chart:,beekeeping-consultancy,,quote,,,,0,30,10,TRUE,84,1,"[""Informed investment decisions"",""Risk assessment"",""Financial projections""]","[{""question"":""What does a feasibility study include?"",""answer"":""Market analysis, site assessment, financial projections, SWOT analysis, and implementation roadmap.""}]","[""Project concept"",""Target location details""]","[""Feasibility report"",""Financial model"",""Implementation plan""]","Beekeeping Feasibility Studies | FeeVert Tanzania","Comprehensive feasibility studies for commercial beekeeping projects in Tanzania.",TRUE
"Organic Honey Certification Support",organic-certification,"Guidance through organic honey certification process including documentation, inspection preparation, and compliance with international organic standards.",✅,beekeeping-consultancy,,quote,,,,0,90,10,FALSE,76,2,"[""Premium market access"",""Higher product value"",""International recognition""]","[{""question"":""How long does certification take?"",""answer"":""3-12 months depending on current practices and certifying body requirements.""}]","[""Functioning apiary"",""Organic management commitment""]","[""Certification roadmap"",""Documentation package"",""Inspection preparation""]","Organic Honey Certification | FeeVert Tanzania","Organic honey certification support services for beekeepers in Tanzania.",TRUE
"Market Linkage & Value Chain Development",market-linkage,"Connect beekeepers to local and export markets, develop value chains, and provide branding and packaging support for honey and bee products.",:globe:,beekeeping-consultancy,,quote,,,,0,30,15,FALSE,70,3,"[""Access to premium markets"",""Better pricing"",""Sustainable business growth""]","[{""question"":""Do you help with export markets?"",""answer"":""Yes, we facilitate linkages with export buyers and meet export requirements.""}]","[""Quality bee products"",""Minimum production volume""]","[""Market assessment"",""Buyer linkages"",""Branding strategy""]","Honey Market Linkage Services | FeeVert Tanzania","Market linkage and value chain development for honey and bee products in Tanzania.",TRUE
"Project Screening & Scoping for EIA",eia-screening,"Initial environmental screening and scoping of projects to determine EIA requirements, identify key environmental issues, and define assessment boundaries per NEMC guidelines.",:search:,eia-esia,,quote,,,,0,14,10,TRUE,88,1,"[""NEMC-compliant screening"",""Clear project pathway"",""Early risk identification""]","[{""question"":""How long does screening take?"",""answer"":""Typically 1-2 weeks depending on project complexity and data availability.""}]","[""Project concept note"",""Location details""]","[""Screening report"",""Scoping document"",""Terms of Reference for EIA""]","EIA Project Screening & Scoping | FeeVert Tanzania","NEMC-compliant environmental screening and scoping services for projects in Tanzania.",TRUE
"Full Environmental & Social Impact Assessment (ESIA)",full-esia,"Comprehensive ESIA including baseline studies, impact prediction and evaluation, mitigation measures, ESMP, and stakeholder consultations.",:clipboard:,eia-esia,,quote,,,,0,60,5,TRUE,92,2,"[""NEMC-compliant ESIA report"",""Multidisciplinary team"",""Stakeholder engagement expertise""]","[{""question"":""How long does a full ESIA take?"",""answer"":""30-90 days depending on project complexity and regulatory requirements.""}]","[""Approved scoping report"",""Project feasibility study"",""Land documents""]","[""ESIA Report"",""Environmental Impact Statement"",""ESMP"",""Stakeholder consultation report"",""NEMC submission package""]","Full ESIA Services Tanzania | FeeVert","Comprehensive Environmental and Social Impact Assessment services in Tanzania.",TRUE
"Environmental Impact Statement (EIS) Preparation",eis-preparation,"Professional preparation of Environmental Impact Statements summarizing ESIA findings for regulatory submission and public disclosure.",:scroll:,eia-esia,,quote,,,,0,21,10,FALSE,80,3,"[""Regulatory-ready EIS document"",""Clear and concise reporting"",""Public disclosure support""]","[{""question"":""What's the difference between ESIA and EIS?"",""answer"":""ESIA is the full study; EIS is the summary document for regulatory submission and public review.""}]","[""Completed ESIA study"",""Stakeholder consultation records""]","[""Environmental Impact Statement"",""Non-technical summary"",""Public disclosure package""]","EIS Preparation Services | FeeVert Tanzania","Professional Environmental Impact Statement preparation for regulatory submission.",TRUE
"Stakeholder Consultations & Public Participation",stakeholder-consultations,"Facilitation of stakeholder engagement processes including community meetings, focus group discussions, key informant interviews, and public hearings for EIA projects.",👥,eia-esia,,quote,,,,0,21,8,FALSE,75,4,"[""Inclusive stakeholder engagement"",""Regulatory compliance"",""Community acceptance""]","[{""question"":""How many consultations are required?"",""answer"":""NEMC typically requires at least 2 rounds of consultations depending on project scale.""}]","[""Project details"",""Stakeholder mapping""]","[""Stakeholder engagement plan"",""Consultation minutes"",""Public hearing report"",""Grievance mechanism""]","EIA Stakeholder Consultation Services | FeeVert Tanzania","Professional stakeholder consultation and public participation services for EIA projects.",TRUE
"Environmental Compliance Audits",compliance-audits,"Mandatory and voluntary environmental compliance audits against NEMC regulations, permits, and international standards. Includes gap analysis and corrective action planning.",:search:,environmental-audits,,quote,,,,0,21,10,TRUE,86,1,"[""Identify compliance gaps"",""Avoid regulatory penalties"",""Improve environmental performance""]","[{""question"":""How often are compliance audits required?"",""answer"":""NEMC requires annual environmental audits for registered projects.""}]","[""Environmental permits"",""Previous audit reports"",""Site access""]","[""Compliance audit report"",""Gap analysis"",""Corrective action plan"",""NEMC submission package""]","Environmental Compliance Audit Services | FeeVert Tanzania","NEMC-compliant environmental audit services in Tanzania.",TRUE
"Environmental Performance Monitoring",performance-monitoring,"Ongoing environmental performance monitoring including indicator tracking, data collection, and reporting against ESMP commitments and permit conditions.",:chart:,environmental-audits,,quote,,,,0,30,15,FALSE,78,2,"[""Continuous compliance"",""Early warning system"",""Data-driven decisions""]","[{""question"":""What parameters are monitored?"",""answer"":""Depends on project type: water quality, air emissions, waste, biodiversity, socio-economic indicators.""}]","[""ESMP in place"",""Baseline data"",""Monitoring equipment access""]","[""Monitoring framework"",""Quarterly reports"",""Performance dashboard"",""Recommendations""]","Environmental Performance Monitoring | FeeVert Tanzania","Ongoing environmental performance monitoring and reporting services.",TRUE
"Due Diligence Environmental Audits",due-diligence-audits,"Environmental due diligence audits for investors, financiers, and buyers assessing environmental liabilities, compliance status, and risks before transactions.",🔍,environmental-audits,,quote,,,,0,21,8,FALSE,74,3,"[""Informed investment decisions"",""Risk identification"",""Liability assessment""]","[{""question"":""When is due diligence needed?"",""answer"":""Before mergers, acquisitions, project financing, or property transactions.""}]","[""Transaction details"",""Site access"",""Available documentation""]","[""Due diligence report"",""Risk assessment"",""Liability estimate"",""Recommendations""]","Environmental Due Diligence Audits | FeeVert Tanzania","Environmental due diligence audits for investors and financiers in Tanzania.",TRUE
"ISO 14001 Certification Support",iso-14001,"Comprehensive support for ISO 14001 Environmental Management System certification including gap analysis, documentation, implementation, internal auditing, and certification audit preparation.",✅,ems,,quote,,,,0,90,5,TRUE,84,1,"[""International certification"",""Improved environmental performance"",""Competitive advantage""]","[{""question"":""How long does ISO 14001 certification take?"",""answer"":""3-12 months depending on organization size and current management systems.""}]","[""Management commitment"",""Organizational scope defined""]","[""Gap analysis"",""EMS documentation"",""Internal audit training"",""Certification readiness assessment""]","ISO 14001 Certification Support Tanzania | FeeVert","Comprehensive ISO 14001 EMS certification support services.",TRUE
"Environmental Policy & Procedure Development",env-policy,"Development of environmental policies, standard operating procedures, and management manuals aligned with ISO 14001 and regulatory requirements.",:scroll:,ems,,quote,,,,0,30,10,FALSE,76,2,"[""Clear environmental framework"",""Staff accountability"",""Audit readiness""]","[{""question"":""What policies are typically needed?"",""answer"":""Environmental policy, waste management, emergency response, and aspect/impact procedures.""}]","[""Organizational structure"",""Environmental aspects identified""]","[""Environmental policy"",""Procedure manuals"",""SOPs"",""Training materials""]","Environmental Policy Development | FeeVert Tanzania","Environmental policy and procedure development services.",TRUE
"Solid Waste Management Planning",solid-waste,"Comprehensive solid waste management planning including waste characterization, collection systems design, recycling programs, and disposal solutions.",:recycle:,pollution-control,,quote,,,,0,45,8,TRUE,84,1,"[""Reduce waste disposal costs"",""Regulatory compliance"",""Resource recovery""]","[{""question"":""Can you design a full waste management system?"",""answer"":""Yes, we design comprehensive systems from collection to disposal.""}]","[""Waste audit data"",""Site access""]","[""Waste management plan"",""Collection system design"",""Recycling program"",""Staff training""]","Solid Waste Management Planning | FeeVert Tanzania","Professional solid waste management planning services.",TRUE
"Hazardous Waste Management",hazardous-waste,"Hazardous waste assessment, handling procedures, storage requirements, transportation, and disposal guidance compliant with national and international regulations.",⚠️,pollution-control,,quote,,,,0,30,8,FALSE,78,2,"[""Safe hazardous waste handling"",""Legal compliance"",""Reduced liability""]","[{""question"":""What counts as hazardous waste?"",""answer"":""Chemicals, solvents, batteries, medical waste, pesticides, and contaminated materials.""}]","[""Waste inventory"",""Safety data sheets""]","[""Hazardous waste plan"",""Handling procedures"",""Disposal guidance"",""Training materials""]","Hazardous Waste Management Services | FeeVert Tanzania","Professional hazardous waste management services.",TRUE
"Wastewater Treatment & Effluent Management",wastewater-treatment,"Design and advisory for wastewater treatment systems, effluent quality monitoring, and compliance with discharge standards.",💧,pollution-control,,quote,,,,0,45,8,FALSE,74,3,"[""Meet discharge standards"",""Reduce water pollution"",""Reuse opportunities""]","[{""question"":""What treatment technologies do you recommend?"",""answer"":""Depends on effluent type: biological treatment, chemical treatment, filtration, or constructed wetlands.""}]","[""Effluent characterization"",""Site assessment""]","[""Treatment system design"",""Monitoring plan"",""Compliance report""]","Wastewater Treatment Services | FeeVert Tanzania","Wastewater treatment and effluent management consultancy services.",TRUE
"Water Quality Testing & Analysis",water-quality,"Comprehensive water quality testing services for surface and groundwater including physical, chemical, and bacteriological parameters per TBS and WHO standards.",💧,environmental-monitoring,,quote,,,,0,14,20,TRUE,82,1,"[""Accurate water quality data"",""Regulatory compliance"",""Health risk assessment""]","[{""question"":""What parameters do you test?"",""answer"":""pH, turbidity, TDS, heavy metals, coliforms, BOD, COD, nutrients, and more.""}]","[""Water source access"",""Sampling requirements""]","[""Water quality report"",""Analysis certificate"",""Recommendations""]","Water Quality Testing Services | FeeVert Tanzania","Professional water quality testing and analysis services.",TRUE
"Air Quality Monitoring",air-quality,"Ambient air quality and emissions monitoring including particulate matter, gases, and meteorological parameters using standard methods.",🌬️,environmental-monitoring,,quote,,,,0,14,15,FALSE,76,2,"[""Regulatory compliance"",""Health risk assessment"",""Emission tracking""]","[{""question"":""What pollutants do you monitor?"",""answer"":""PM2.5, PM10, SO2, NOx, CO, O3, VOCs, and meteorological data.""}]","[""Site access"",""Monitoring duration requirements""]","[""Air quality report"",""Emission inventory"",""Mitigation recommendations""]","Air Quality Monitoring Services | FeeVert Tanzania","Professional ambient air quality and emissions monitoring services.",TRUE
"Soil Quality & Contamination Analysis",soil-quality,"Soil sampling and analysis for contamination, fertility, heavy metals, hydrocarbons, and other parameters for environmental and agricultural purposes.",🧪,environmental-monitoring,,quote,,,,0,14,15,FALSE,72,3,"[""Contamination assessment"",""Agricultural suitability"",""Remediation planning""]","[{""question"":""How deep do you sample?"",""answer"":""Depends on purpose: 0-30cm for agriculture, up to several meters for contamination studies.""}]","[""Site access"",""Sampling objectives""]","[""Soil analysis report"",""Contamination map"",""Recommendations""]","Soil Quality Testing Services | FeeVert Tanzania","Professional soil quality and contamination analysis services.",TRUE
"Greenhouse Gas (GHG) Inventory & Carbon Footprinting",ghg-inventory,"Comprehensive GHG inventory development following GHG Protocol and IPCC guidelines. Calculate organizational and product carbon footprints.",:chart:,climate-change,,quote,,,,0,45,5,TRUE,80,1,"[""International standard compliance"",""Emission reduction roadmap"",""ESG reporting ready""]","[{""question"":""What scopes are covered?"",""answer"":""Scope 1 (direct), Scope 2 (energy), and Scope 3 (value chain) emissions.""}]","[""Operational data"",""Energy records"",""Transport data""]","[""GHG inventory report"",""Carbon footprint assessment"",""Reduction strategy""]","GHG Inventory & Carbon Footprint Services | FeeVert Tanzania","Professional GHG inventory and carbon footprinting services.",TRUE
"Climate Risk & Vulnerability Assessment",climate-risk,"Assessment of climate-related risks and vulnerabilities for projects, operations, and communities. Includes adaptation planning and resilience strategies.",:warning:,climate-change,,quote,,,,0,45,5,FALSE,76,2,"[""Climate-proof operations"",""Access climate finance"",""Resilience planning""]","[{""question"":""What climate risks do you assess?"",""answer"":""Physical risks (floods, droughts, temperature) and transition risks (policy, market, technology).""}]","[""Project/operations data"",""Location details""]","[""Climate risk assessment"",""Vulnerability map"",""Adaptation plan"",""Resilience strategy""]","Climate Risk Assessment Services | FeeVert Tanzania","Climate risk and vulnerability assessment services.",TRUE
"ESG Advisory & Sustainability Reporting",esg-advisory,"Environmental, Social, and Governance (ESG) advisory including materiality assessment, KPI development, sustainability reporting (GRI, SASB), and investor-grade ESG disclosures.",📊,climate-change,,quote,,,,0,60,5,TRUE,82,3,"[""Investor confidence"",""ESG ratings improvement"",""Regulatory compliance""]","[{""question"":""What ESG frameworks do you use?"",""answer"":""GRI, SASB, TCFD, and UN SDGs aligned reporting.""}]","[""Organizational data"",""ESG goals""]","[""ESG materiality matrix"",""KPI framework"",""Sustainability report"",""Disclosure package""]","ESG Advisory & Sustainability Reporting | FeeVert Tanzania","Professional ESG advisory and sustainability reporting services.",TRUE
"Forest Management & Conservation Planning",forest-management,"Sustainable forest management plans, conservation strategies, afforestation/reforestation programs, and forest resource assessments.",🌳,natural-resources,,quote,,,,0,60,5,FALSE,74,1,"[""Sustainable forest use"",""Conservation compliance"",""Carbon credit potential""]","[{""question"":""Do you do forest inventories?"",""answer"":""Yes, we conduct forest resource assessments including timber volume and biodiversity surveys.""}]","[""Forest area details"",""Management objectives""]","[""Forest management plan"",""Resource assessment"",""Conservation strategy""]","Forest Management Services | FeeVert Tanzania","Sustainable forest management and conservation planning services.",TRUE
"Biodiversity Assessment & Conservation Plans",biodiversity-assessment,"Biodiversity surveys, species inventories, habitat mapping, and conservation action plans for projects and protected areas.",🦋,natural-resources,,quote,,,,0,60,5,FALSE,72,2,"[""Biodiversity protection"",""Regulatory compliance"",""Ecosystem understanding""]","[{""question"":""What species do you survey?"",""answer"":""Flora, mammals, birds, reptiles, amphibians, and aquatic species as needed.""}]","[""Study area access"",""Study objectives""]","[""Biodiversity survey report"",""Species inventory"",""Conservation action plan""]","Biodiversity Assessment Services | FeeVert Tanzania","Professional biodiversity assessment and conservation planning services.",TRUE
"GIS Mapping & Spatial Analysis",gis-mapping,"Professional GIS mapping services including land use mapping, environmental sensitivity mapping, spatial analysis, and custom map production.",:map:,gis-data,,quote,,,,0,21,10,TRUE,82,1,"[""Professional quality maps"",""Spatial decision support"",""Data visualization""]","[{""question"":""What GIS software do you use?"",""answer"":""ArcGIS, QGIS, and Google Earth Engine for analysis.""}]","[""Project area defined"",""Data requirements""]","[""GIS maps (digital & print)"",""Spatial analysis report"",""Geodatabase""]","GIS Mapping Services | FeeVert Tanzania","Professional GIS mapping and spatial analysis services.",TRUE
"Remote Sensing & Environmental Data Analysis",remote-sensing,"Satellite imagery analysis, land cover change detection, vegetation indices, and environmental monitoring using remote sensing techniques.",🛰️,gis-data,,quote,,,,0,21,10,FALSE,76,2,"[""Large area coverage"",""Historical analysis"",""Cost-effective monitoring""]","[{""question"":""What satellite data do you use?"",""answer"":""Landsat, Sentinel-2, MODIS, and high-resolution commercial imagery as needed.""}]","[""Area of interest"",""Analysis objectives""]","[""Satellite imagery analysis"",""Change detection report"",""Vegetation maps""]","Remote Sensing Services | FeeVert Tanzania","Professional remote sensing and environmental data analysis services.",TRUE
"OSHA Workplace Registration & Compliance",osha-registration,"Complete support for OSHA workplace registration including documentation preparation, compliance assessment, and submission to Occupational Safety and Health Authority.",:scroll:,ohs-compliance,,quote,,,,0,21,15,TRUE,88,1,"[""Full OSHA compliance"",""Avoid penalties"",""Professional representation""]","[{""question"":""Is workplace registration mandatory?"",""answer"":""Yes, all workplaces in Tanzania must be registered with OSHA under the OHS Act.""}]","[""Workplace details"",""Current compliance status""]","[""Registration application"",""Compliance checklist"",""OSHA submission package""]","OSHA Workplace Registration Services | FeeVert Tanzania","Complete OSHA workplace registration and compliance support services.",TRUE
"OHS Legal Register Development",ohs-legal-register,"Development and maintenance of comprehensive OHS legal registers identifying all applicable health and safety legislation, regulations, and standards.",:books:,ohs-compliance,,quote,,,,0,14,15,FALSE,80,2,"[""Complete legal reference"",""Audit readiness"",""Update notifications""]","[{""question"":""How often are legal registers updated?"",""answer"":""We recommend quarterly updates as regulations change.""}]","[""Industry sector"",""Operations details""]","[""OHS legal register"",""Compliance matrix"",""Update schedule""]","OHS Legal Register Services | FeeVert Tanzania","Comprehensive OHS legal register development and maintenance services.",TRUE
"Hazard Identification & Risk Assessment (HIRA)",hira,"Comprehensive workplace hazard identification and risk assessment using HIRA methodology. Includes physical, chemical, biological, ergonomic, and psychosocial hazard evaluation.",:warning:,risk-assessment,,quote,,,,0,14,10,TRUE,90,1,"[""Systematic hazard identification"",""Risk prioritization"",""Legal compliance""]","[{""question"":""How often should risk assessments be done?"",""answer"":""At least annually and whenever there are changes in processes, equipment, or personnel.""}]","[""Workplace access"",""Process documentation""]","[""HIRA report"",""Risk register"",""Control measures plan"",""Staff awareness poster""]","Hazard Identification Risk Assessment | FeeVert Tanzania","Professional HIRA workplace risk assessment services.",TRUE
"Job Safety Analysis (JSA)",jsa,"Detailed job safety analysis for specific tasks and operations. Break down each job step, identify hazards, and develop safe work procedures.",:clipboard:,risk-assessment,,quote,,,,0,7,15,FALSE,82,2,"[""Task-specific safety"",""Reduced incidents"",""Worker engagement""]","[{""question"":""How many jobs need JSA?"",""answer"":""High-risk tasks, non-routine operations, and jobs with incident history are prioritized.""}]","[""Task list"",""Worker availability for consultation""]","[""JSA documents"",""Safe work procedures"",""Training materials""]","Job Safety Analysis Services | FeeVert Tanzania","Professional JSA services for workplace safety.",TRUE
"OHS Compliance Audits",ohs-audits,"Internal and external OHS audits against OSHA regulations and international standards. Gap analysis, findings report, and corrective action planning.",:chart:,ohs-audits,,quote,,,,0,21,8,TRUE,86,1,"[""Identify compliance gaps"",""Audit readiness"",""Continuous improvement""]","[{""question"":""How long does an OHS audit take?"",""answer"":""3-10 days on-site depending on organization size, plus reporting time.""}]","[""OHS documentation"",""Workplace access""]","[""Audit report"",""Gap analysis"",""Corrective action plan""]","OHS Compliance Audit Services | FeeVert Tanzania","Professional OHS compliance audit services.",TRUE
"ISO 45001 Certification Support",iso-45001,"Comprehensive support for ISO 45001 Occupational Health and Safety Management System certification. Gap analysis, documentation, implementation, and certification audit preparation.",✅,ohs-audits,,quote,,,,0,90,5,TRUE,84,2,"[""International certification"",""Improved safety culture"",""Reduced incidents""]","[{""question"":""How long to get ISO 45001 certified?"",""answer"":""3-12 months depending on organization size and current OHS practices.""}]","[""Management commitment"",""Organizational scope""]","[""Gap analysis"",""OHSMS documentation"",""Internal audit training"",""Certification readiness""]","ISO 45001 Certification Support Tanzania | FeeVert","Comprehensive ISO 45001 OHSMS certification support services.",TRUE
"General Workplace Safety Training",workplace-safety-training,"Comprehensive workplace safety training covering hazard awareness, safe work practices, emergency procedures, and employee responsibilities under OHS legislation.",:books:,ohs-training,,range,300000,1500000,480,7,30,TRUE,86,1,"[""Certified training"",""Practical exercises"",""Certificate of completion""]","[{""question"":""Do you provide certificates?"",""answer"":""Yes, participants receive certificates recognized by OSHA.""}]","[""Training venue"",""Minimum 10 participants""]","[""Training materials"",""Participant certificates"",""Training report""]","Workplace Safety Training | FeeVert Tanzania","Certified workplace safety training programs.",TRUE
"Fire Safety & Emergency Response Training",fire-safety-training,"Fire safety awareness, fire extinguisher use, evacuation procedures, emergency response team training, and fire drill facilitation.",🔥,ohs-training,,range,400000,2000000,480,7,30,TRUE,84,2,"[""Hands-on fire extinguisher practice"",""Evacuation drill"",""Emergency preparedness""]","[{""question"":""Do you conduct live fire drills?"",""answer"":""Yes, we facilitate controlled fire extinguisher practice and evacuation drills.""}]","[""Training space"",""Fire extinguisher for practice""]","[""Training manual"",""Evacuation plan review"",""Drill report"",""Certificates""]","Fire Safety Training | FeeVert Tanzania","Fire safety and emergency response training.",TRUE
"First Aid & CPR Training",first-aid-training,"Certified first aid and CPR training covering life-saving techniques, wound management, medical emergencies, and workplace first aid requirements.",🏥,ohs-training,,range,300000,1500000,480,7,25,FALSE,82,3,"[""Life-saving skills"",""Certified training"",""Workplace compliance""]","[{""question"":""Is the certification recognized?"",""answer"":""Yes, certificates are recognized by OSHA and follow international first aid guidelines.""}]","[""Training room"",""Minimum 10 participants""]","[""First aid manual"",""CPR practice materials"",""Certificates""]","First Aid & CPR Training | FeeVert Tanzania","Certified first aid and CPR training for workplaces.",TRUE
"Incident Investigation & Root Cause Analysis",incident-investigation,"Professional investigation of workplace accidents and near-misses using root cause analysis techniques. Development of corrective actions to prevent recurrence.",:detective:,incident-response,,quote,,,,0,14,5,TRUE,84,1,"[""Identify true root causes"",""Prevent recurrence"",""Legal documentation support""]","[{""question"":""How soon should an incident be investigated?"",""answer"":""As soon as possible, ideally within 24 hours while evidence is fresh.""}]","[""Incident details"",""Site access"",""Witness availability""]","[""Investigation report"",""Root cause analysis"",""Corrective action plan"",""Prevention recommendations""]","Incident Investigation Services | FeeVert Tanzania","Professional workplace incident investigation services.",TRUE
"Emergency Response Plan Development",emergency-plan,"Development of comprehensive emergency response plans covering fire, medical, chemical spills, natural disasters, and other workplace emergencies.",🚨,incident-response,,quote,,,,0,21,10,FALSE,78,2,"[""Preparedness for emergencies"",""Regulatory compliance"",""Reduced response time""]","[{""question"":""What emergencies are covered?"",""answer"":""Fire, medical, chemical spills, natural disasters, security threats, and utility failures.""}]","[""Site assessment"",""Risk assessment completed""]","[""Emergency response plan"",""Evacuation maps"",""Emergency contacts"",""Drill schedule""]","Emergency Response Plan Development | FeeVert Tanzania","Professional emergency response plan development services.",TRUE
"Workplace Air Quality Monitoring",workplace-air,"Monitoring of workplace air quality including dust, fumes, gases, and vapors. Assessment against occupational exposure limits and recommendations for controls.",🌬️,workplace-hygiene,,quote,,,,0,14,15,FALSE,76,1,"[""Worker health protection"",""Regulatory compliance"",""Control recommendations""]","[{""question"":""What parameters do you measure?"",""answer"":""Particulates, CO, VOCs, solvents, welding fumes, and other workplace-specific contaminants.""}]","[""Workplace access"",""Process information""]","[""Air monitoring report"",""Exposure assessment"",""Control recommendations""]","Workplace Air Quality Monitoring | FeeVert Tanzania","Professional workplace air quality monitoring services.",TRUE
"Noise Level Assessment",noise-assessment,"Workplace noise monitoring and mapping, assessment against occupational noise exposure limits, and recommendations for hearing conservation programs.",🔊,workplace-hygiene,,quote,,,,0,7,15,FALSE,74,2,"[""Prevent hearing loss"",""Regulatory compliance"",""Control recommendations""]","[{""question"":""When is hearing protection required?"",""answer"":""When noise levels exceed 85 dB(A) over an 8-hour workday.""}]","[""Workplace access"",""Operational conditions""]","[""Noise assessment report"",""Noise map"",""Hearing conservation program""]","Workplace Noise Assessment | FeeVert Tanzania","Professional workplace noise monitoring and assessment services.",TRUE
"HSE Plan Development for Construction Projects",hse-plan,"Development of project-specific Health, Safety, and Environment (HSE) plans for construction and industrial projects. Includes risk register, method statements, and emergency procedures.",🏗️,construction-safety,,quote,,,,0,21,10,TRUE,86,1,"[""Project-specific safety"",""Contractor compliance"",""Reduced incidents""]","[{""question"":""What's included in an HSE plan?"",""answer"":""Risk register, method statements, emergency procedures, roles, and monitoring requirements.""}]","[""Project scope"",""Site details""]","[""HSE Plan document"",""Risk register"",""Method statements"",""Emergency procedures""]","Construction HSE Plan Development | FeeVert Tanzania","Professional HSE plan development for construction projects.",TRUE
"Site Safety Supervision",site-safety,"Provision of qualified safety officers for on-site supervision, daily inspections, toolbox talks, permit-to-work monitoring, and safety compliance enforcement.",👷,construction-safety,,quote,,,,0,7,5,FALSE,80,2,"[""Continuous safety oversight"",""Incident prevention"",""Regulatory compliance""]","[{""question"":""Do you provide full-time safety officers?"",""answer"":""Yes, we provide full-time or part-time qualified safety officers for projects.""}]","[""Project details"",""Duration requirements""]","[""Daily inspection reports"",""Safety statistics"",""Monthly performance report""]","Site Safety Supervision Services | FeeVert Tanzania","Professional on-site safety supervision services.",TRUE
"Permit-to-Work System Implementation",ptw-system,"Design and implementation of permit-to-work systems for high-risk activities including confined space entry, hot work, excavation, and working at heights.",📋,construction-safety,,quote,,,,0,14,10,FALSE,76,3,"[""Controlled high-risk work"",""Reduced incidents"",""Clear accountability""]","[{""question"":""What activities need permits?"",""answer"":""Confined space, hot work, excavation, working at heights, and electrical work.""}]","[""Task inventory"",""Risk assessments completed""]","[""PTW procedure"",""Permit templates"",""Training materials"",""Implementation support""]","Permit-to-Work System Implementation | FeeVert Tanzania","Design and implement permit-to-work systems for high-risk activities.",TRUE